id;terms;web_site;instagram;facebook;linkedin;x;create_date
1;before bah;so by until;neatly;horst;usher;reprove;2025-03-25T15:06:54
2;although wetly;yippee deliberately forenenst;toward;inasmuch;hastily reluctantly likewise;following smuggle;2025-03-25T02:43:27
3;calculus;secondary furiously;psst row nice;what;aw ick;once;2025-03-25T03:08:51
4;however;rapidly after sin;however until aw;er;gosh;eek customise;2025-03-24T22:24:19
5;makeover hmph through;yawningly since;helpful;dislocate;brr;than athletic manage;2025-03-25T14:08:54
6;eyeglasses phooey;etch violently that;hm duh pessimistic;psst oof;hasty;fooey qua especially;2025-03-25T07:03:50
7;geez amid motor;down perfectly finally;order;underneath;drat detain;whenever mixed about;2025-03-25T13:54:33
8;switchboard whereas once;luck wiggly;down till gee;seemingly finally astride;elegant discontinue nearly;while;2025-03-25T11:42:19
9;bin blushing scare;conclude amongst;attribute;mmm;far-off;unimpressively instead woot;2025-03-25T06:25:18
10;shameful hmph;carnival peppery electrify;unlucky;diligent elegantly;drat gadzooks intelligent;ah gut;2025-03-25T01:08:57
